breast,200
lung,86
exposure,68
woman,63
study,63
disease,53
treatment,52
risk,46
mortality,46
health,45
campaign,42
research,39
awareness,37
people,35
death,33
occupational,29
year,28
support,26
also,25
estimate,25
cell,23
metastatic,22
uk,22
cause,21
time,20
factor,20
use,20
work,20
patient,19
environmental,19
secondary,19
colon,18
cohort,18
lifetime,18
knowledge,18
care,18
reagan,18
need,17
age,17
young,17
adult,17
bladder,16
information,16
symptom,16
employer,16
evidence,15
heart,15
colorectal,15
effect,15
important,15
associate,15
united,15
incidence,15
new,15
life,15
population,14
level,14
other,14
base,14
american,14
group,14
report,14
surgery,14
common,13
water,13
prostate,13
identify,13
rate,13
state,13
charity,13
man,13
illness,12
number,12
analysis,12
increase,12
find,12
condition,12
survival,12
association,12
data,12
however,12
diagnosis,12
affect,12
pain,12
psychological,11
arsenic,11
lead,11
international,11
quality,11
national,11
diesel,11
ec,11
workplace,11
individual,11
know,11
advanced,11
physical,11
say,10
way,10
case,10
include,10
diagnose,10
growth,10
show,10
agency,10
particularly,10
take,10
change,10
us,10
drug,10
make,10
well-being,10
supportive,10
bone,10
only,9
control,9
history,9
increased,9
tumor,9
finding,9
practice,9
impact,9
help,9
early,9
cardiovascular,9
doctor,9
significant,9
compare,9
student,9
spinal,9
vitamin,9
sigmoidoscopy,9
experience,8
complication,8
describe,8
center,8
line,8
activity,8
develop,8
outcome,8
suggest,8
available,8
england,8
think,8
mental,8
provide,8
program,8
cumulative,8
worker,8
trial,8
product,8
undergo,8
likely,8
difference,8
ronald,8
president,8
employee,8
focus,7
see,7
method,7
clinical,7
recent,7
family,7
promote,7
model,7
often,7
chronic,7
issue,7
challenge,7
institute,7
burden,7
miner,7
proportion,7
macmillan,7
receive,7
survey,7
service,7
nice,7
problem,6
infection,6
recently,6
link,6
prognosis,6
target,6
epidemiological,6
conclude,6
high,6
long-term,6
different,6
country,6
type,6
diabetes,6
publish,6
get,6
prevention,6
attributable,6
excess,6
approximately,6
substantial,6
almost,6
news,6
detection,6
die,6
funding,6
sd,6
live,6
access,6
scandal,6
amendment,6
tuberculosis,5
write,5
become,5
cure,5
deficiency,5
primary,5
tissue,5
result,5
skin,5
investigate,5
current,5
proliferation,5
role,5
mouse,5
treat,5
decrease,5
weight,5
low,5
by-product,5
long,5
period,5
following,5
carcinogenicity,5
site,5
european,5
prospective,5
body,5
participant,5
chemotherapy,5
appear,5
british,5
exhaust,5
derive,5
industry,5
annual,5
mean,5
currently,5
part,5
fact,5
go,5
memory,5
day,5
hospital,5
list,5
community,5
begin,5
benefit,5
behavior,5
society,5
booby,5
leading,5
good,5
familiar,5
nurse,5
unmet,5
fatigue,5
manage,5
deal,5
conversation,5
iran-contra,5
polyp,5
flexible,5
manager,5
evaluate,4
encourage,4
look,4
feeling,4
world,4
political,4
therefore,4
person,4
liver,4
especially,4
air,4
mechanism,4
development,4
section,4
prepare,4
review,4
pathway,4
sufficient,4
blood,4
area,4
colleague,4
estrogen,4
receptor,4
experimental,4
observation,4
recommend,4
nearly,4
feel,4
main,4
discussion,4
measure,4
nitrate,4
safety,4
positive,4
rectal,4
inadequate,4
probably,4
evaluation,4
genetic,4
possible,4
assessment,4
meta-analysis,4
male,4
cope,4
disability,4
radiation,4
increasing,4
foundation,4
large,4
form,4
engine,4
response,4
elemental,4
carbon,4
respectively,4
kingdom,4
table,4
council,4
probability,4
age-specific,4
expose,4
assume,4
believe,4
correct,4
previous,4
great,4
play,4
aware,4
biology,4
culture,4
friend,4
poem,4
tell,4
business,4
actually,4
discuss,4
stage,4
screening,4
question,4
media,4
coverage,4
message,4
article,4
raise,4
killer,4
jones,4
reduce,4
susan,4
komen,4
website,4
ask,4
able,4
medical,4
staff,4
difficult,4
prevalence,4
range,4
moreover,4
guideline,4
enable,4
offer,4
metastasis,4
severe,4
distress,4
step,4
maggie,4
emotional,4
shortly,4
sontag,3
invasive,3
strong,3
sign,3
acute,3
tb,3
express,3
understanding,3
social,3
just,3
major,3
protocol,3
document,3
home,3
suppress,3
non-small,3
agent,3
expression,3
contribution,3
place,3
criteria,3
race,3
class,3
white,3
yet,3
specifically,3
mother,3
sex,3
female,3
reproductive,3
conclusion,3
disinfection,3
decade,3
relevant,3
window,3
combination,3
human,3
uncertain,3
dbp,3
cantor,3
combine,3
chlorination,3
examine,3
disorder,3
literature,3
tobacco,3
scenario,3
xx_rr,3
function,3
fraction,3
linear,3
assumption,3
generally,3
asbestos,3
potash,3
category,3
technique,3
account,3
cdc,3
af,3
lag,3
consistent,3
additional,3
appropriate,3
government,3
admit,3
month,3
add,3
predict,3
improve,3
fine,3
provider,3
bowel,3
coronary,3
well,3
sure,3
note,3
narrator,3
correspondence,3
seek,3
old,3
even,3
come,3
company,3
survivor,3
nhs,3
launch,3
academic,3
college,3
sexualization,3
meet,3
school,3
personal,3
commercial,3
statistics,3
agree,3
mammography,3
consumer,3
concern,3
follow,3
self-exam,3
differ,3
choose,3
give,3
indicate,3
appearance,3
influence,3
effective,3
effort,3
lack,3
vital,3
trajectory,3
status,3
morbidity,3
palliative,3
consequence,3
calcium,3
fracture,3
cord,3
compression,3
invade,3
always,3
practical,3
call,3
nausea,3
standard,3
bmj,3
resource,3
guidance,3
reed,3
event,3
talk,3
hour,3
remove,3
spread,3
certain,3
john,3
detect,3
surgeon,3
operation,3
rosenberg,3
wall,3
nsc,3
confident,3
topic,3
database,3
invitation,3
loss,3
plan,3
training,3
carcinogen,3
shadow,2
understand,2
historical,2
significance,2
medically,2
passion,2
emerge,2
idea,2
character,2
wide,2
view,2
cigarette,2
deadly,2
both,2
recognize,2
malady,2
spiritual,2
critical,2
insanity,2
medicine,2
writer,2
occur,2
transformation,2
allow,2
catastrophic,2
threat,2
vascular,2
failure,2
lymphoma,2
trauma,2
perform,2
task,2
draw,2
combined,2
remain,2
lab,2
fred,2
hutchinson,2
previously,2
strongly,2
induce,2
carcinogenesis,2
confirm,2
plethora,2
pathological,2
obtain,2
angiogenesis,2
overexpression,2
induction,2
implication,2
therapy,2
jama,2
transcription,2
key,2
adaptation,2
therapeutics,2
algorithm,2
transcriptional,2
enhance,2
hypoxia,2
persistent,2
testicular,2
prin,2
nat,2
developmental,2
plasma,2
broad,2
context,2
causality,2
inference,2
insufficient,2
tend,2
bacterial,2
douch,2
clean,2
physiology,2
example,2
workshop,2
uncertainty,2
end,2
latency,2
accurately,2
biological,2
sample,2
measurement,2
overview,2
contaminant,2
iarc,2
thm,2
investigation,2
animal,2
classify,2
enzyme,2
glutathione,2
variability,2
source,2
molecular,2
natural,2
system,2
damage,2
myocardial,2
infarction,2
dangerous,2
scientific,2
term,2
respiratory,2
depend,2
value,2
mastectomy,2
accompany,2
gain,2
trend,2
smoking,2
pattern,2
various,2
typically,2
ebbert,2
introduction,2
background,2
curve,2
conduct,2
calculate,2
europe,2
working,2
carcinogenic,2
silica,2
formal,2
interval,2
absence,2
unexposed,2
finally,2
rrs,2
either,2
setting,2
afs,2
slope,2
past,2
pollution,2
stewart,2
emphasis,2
britain,2
estimation,2
better,2
relationship,2
sheet,2
motor,2
follow-up,2
serum,2
management,2
cough,2
urge,2
week,2
surge,2
clear,2
fall,2
cost,2
argue,2
drop,2
journal,2
lancet,2
oncology,2
poll,2
health-care,2
carry,2
free,2
atherosclerosis,2
alzheimer,2
public,2
depression,2
avoid,2
easily,2
ill,2
tony,2
try,2
build,2
image,2
faultless,2
kind,2
merely,2
simple,2
speak,2
truth,2
replace,2
exist,2
want,2
employment,2
later,2
university,2
gap,2
dementia,2
face,2
gp,2
success,2
numerous,2
popularity,2
unknown,2
perhaps,2
treatable,2
tool,2
save,2
decline,2
usa,2
annually,2
significantly,2
suggestion,2
magazine,2
murray,2
burgess,2
misunderstanding,2
mistakenly,2
erroneously,2
relate,2
component,2
underestimate,2
covello,2
criticism,2
increasingly,2
black,2
second,2
mentality,2
fight,2
spend,2
nfl,2
pink,2
crucial,2
tatas,2
financial,2
thing,2
familiarity,2
prototypical,2
collect,2
online,2
check,2
distracter,2
mayo,2
clinic,2
test,2
true,2
own,2
name,2
correctly,2
legitimate,2
big,2
disproportionately,2
additionally,2
insight,2
sense,2
security,2
television,2
decision,2
consider,2
attention,2
remember,2
successful,2
serious,2
miss,2
strategy,2
diverse,2
frequent,2
mainly,2
small,2
routinely,2
locally,2
distal,2
option,2
negative,2
local,2
side,2
skeletal,2
weakness,2
box,2
bisphosphonate,2
define,2
progressive,2
cross-sectional,2
limitation,2
impending,2
sequelae,2
assistance,2
course,2
forum,2
particular,2
trastuzumab,2
address,2
anorexia,2
network,2
professional,2
deliver,2
paper,2
prescription,2
coleman,2
nurs,2
lose,2
ability,2
date,2
power,2
duty,2
extensive,2
colonoscopic,2
examination,2
physician,2
hutton,2
record,2
complete,2
touch,2
fully,2
confine,2
colonic,2
highly,2
presidential,2
clearly,2
room,2
affair,2
recovery,2
venous,2
televised,2
prediction,2
leader,2
obvious,2
invoke,2
supplementation,2
insurer,2
return,2
hard,2
alcohol,2
dwp,2
civil,2
carer,2
ensure,2
reach,2
team,2
best,2
gi,2
incident,2
intervention,2
single,2
crc,2
contact,2
norway,2
process,2
partnership,2
create,2
department,2
tailored,2
educate,2
institution,2
unit,2
cultural,1
poorly,1
stealthily,1
dread,1
invincible,1
predator,1
sensitivity,1
modern,1
romantic,1
inevitably,1
assert,1
formulate,1
reflect,1
obligation,1
responsibility,1
island,1
frailty,1
paranoid,1
trouble,1
force,1
pollutant,1
ray,1
isolation,1
century,1
fiction,1
vehicle,1
discontent,1
central,1
premise,1
conflation,1
projected,1
baby-boomer,1
forefront,1
solve,1
researcher,1
fox,1
fictional,1
metaphorically,1
reader,1
illusion,1
perceive,1
identity,1
amputation,1
tacrolimus,1
opportunistic,1
sepsis,1
renal,1
ultimately,1
non-hodgkin,1
fungal,1
directly,1
disaster,1
sustain,1
minor,1
texas,1
hurricane,1
ike,1
brush,1
tree,1
storm,1
total,1
melanoma,1
ingestion,1
inhalation,1
dose-dependent,1
chen,1
exact,1
frozen,1
gao,1
aberration,1
mirnas,1
profile,1
bench,1
iorio,1
croce,1
situation,1
angiogenic,1
inhibit,1
thus,1
downstream,1
vegf,1
chemopreventive,1
anti-angiogenic,1
property,1
inhibition,1
kang,1
supplemental,1
ro,1
taiwan,1
modulate,1
mol,1
hallmark,1
microenvironment,1
dysregulation,1
diagnostics,1
application,1
up-regulation,1
endothelial,1
cobalt,1
mediate,1
chromium,1
tumorigenesis,1
shah,1
axis,1
abnormality,1
seminal,1
vesicle,1
neonatal,1
alteration,1
rat,1
permanent,1
androgen,1
maternal,1
synthetic,1
genital,1
tract,1
relation,1
neoplasia,1
elicit,1
demethylation,1
estrogen-responsive,1
lactoferrin,1
gene,1
uterus,1
tomatis,1
mcclain,1
rm,1
keller,1
casciano,1
fu,1
macdonald,1
adenocarcinoma,1
hormonal,1
developing,1
gland,1
stromal,1
uptake,1
lipoprotein,1
woe,1
bradford,1
hill,1
causal,1
irritation,1
douche,1
feminine,1
deodorizers,1
vaginosis,1
yeast,1
socioeconomic,1
pelvic,1
inflammatory,1
cervical,1
transmission,1
adverse,1
long-standing,1
warning,1
majority,1
fresh,1
aromatase,1
summarize,1
occurrence,1
surrogate,1
mixture,1
villanueva,1
set,1
methemoglobinemia,1
infant,1
ward,1
capture,1
temporal,1
variation,1
short,1
cover,1
gestation,1
chemical,1
metabolite,1
nuckols,1
who,1
inconsistent,1
consistently,1
mcls,1
bove,1
esophagus,1
stomach,1
nitrite,1
amine,1
endogenous,1
nitrosation,1
extensively,1
variant,1
polymorphism,1
consistency,1
theta,1
zeta,1
subfamily,1
polypeptide,1
enzymatic,1
strengthen,1
hypothesis,1
dbps,1
compound,1
incorporate,1
dimension,1
retrospective,1
fluoride,1
osteosarcoma,1
geographic,1
disinfectant,1
internal,1
low-level,1
spain,1
specificity,1
iowa,1
van,1
domingo,1
residential,1
groundwater,1
sci,1
eval,1
transitional,1
carcinoma,1
hampshire,1
finland,1
interview,1
genome,1
exposome,1
outstanding,1
epidemiology,1
site-specific,1
washington,1
county,1
maryland,1
imbalance,1
toxicity,1
irreversible,1
enlarge,1
deepen,1
voice,1
excessive,1
hair,1
premature,1
closure,1
stunted,1
williams,1
personally,1
inject,1
vaccine,1
contain,1
autoimmune,1
squalene,1
fault,1
star,1
dutton,1
deeply,1
book,1
teen,1
imminent,1
dental,1
sensory,1
impairment,1
difficulty,1
swallow,1
bandwagon,1
widespread,1
prejudice,1
limited,1
apparent,1
resonate,1
fat,1
onset,1
ailment,1
stephanie,1
adams,1
narrative,1
fitness,1
entitle,1
endure,1
reconstructive,1
pound,1
secular,1
cryptorchidism,1
hypospadias,1
sperm,1
hughes,1
union,1
framework,1
evelyn,1
cambridge,1
pulmonary,1
mathers,1
thun,1
closely,1
parallel,1
dose-response,1
variety,1
characterize,1
hypercoagulable,1
falanga,1
samama,1
plausible,1
explanation,1
pathology,1
cerhan,1
reduction,1
cessation,1
thrombophilic,1
involve,1
src,1
kinase,1
hrubec,1
mclaughlin,1
jk,1
nutrition,1
novel,1
loci,1
global,1
priority,1
erc,1
proxy,1
outdoor,1
pose,1
usually,1
acceptable,1
limit,1
citation,1
monograph,1
series,1
contributor,1
marker,1
independent,1
garshick,1
clarify,1
reference,1
nonreference,1
derivation,1
metric,1
detail,1
ascertain,1
nest,1
mining,1
facility,1
density,1
elr,1
apply,1
committee,1
stratify,1
sum,1
approximate,1
occupationally,1
driscoll,1
translate,1
potentially,1
roughly,1
janssen,1
average,1
urban,1
unadjusted,1
calculation,1
modify,1
habit,1
modification,1
cohen,1
k.s,1
participate,1
lyon,1
france,1
5-year,1
attfield,1
schleiff,1
lubin,1
jh,1
blair,1
baan,1
grosse,1
el,1
bouvard,1
mesothelioma,1
railroad,1
steep,1
reanalysis,1
emission,1
pa,1
pt,1
vermeulen,1
rc,1
nested,1
steenland,1
armstrong,1
smoke,1
non-smoker,1
log-linear,1
regression,1
greenland,1
robins,1
diagram,1
dramatic,1
tv,1
extra,1
construction,1
struggle,1
recover,1
properly,1
halve,1
income,1
afford,1
adequately,1
heat,1
europe-wide,1
collaborative,1
project,1
nevertheless,1
thanks,1
respondent,1
act,1
really,1
trait,1
conjunction,1
editorial,1
oxidative,1
radical,1
inflammation,1
rheumatism,1
neurodegenerative,1
kyung,1
intake,1
dietary,1
phytochemical,1
artery,1
khoo,1
mulvihill,1
flavonoid,1
complicated,1
millennium,1
persuade,1
smoker,1
quit,1
danger,1
possibly,1
hemingway,1
fallout,1
apartment,1
office,1
quietly,1
garage,1
native,1
tradition,1
smith,1
wesson,1
insomnia,1
terminate,1
remorse,1
bankruptcy,1
blast,1
exit,1
intolerable,1
position,1
pressure,1
finger,1
admirable,1
instrument,1
nightmare,1
drawback,1
mess,1
leave,1
relative,1
intoxicated,1
terminally,1
broyard,1
cite,1
literary,1
critic,1
kenneth,1
burke,1
illuminate,1
tension,1
animate,1
memoirist,1
pen,1
tacit,1
boundary,1
dance,1
rambo,1
utterly,1
alone,1
boss,1
precede,1
uncle,1
jersey,1
racket,1
constantly,1
operate,1
fed,1
rico,1
babushka,1
bare,1
plum,1
memoir,1
crop,1
berry,1
liken,1
benevolence,1
accident,1
mutation,1
guileless,1
cellular,1
mechanic,1
attend,1
frustration,1
track,1
row,1
fugitive,1
rest,1
persuasion,1
expect,1
annunciation,1
survive,1
stanza,1
gingerly,1
bulge,1
torture,1
slim,1
chance,1
tick,1
evasion,1
potent,1
dose,1
half-truth,1
wane,1
potency,1
page,1
wallace,1
intravenous,1
injection,1
conn,1
suspicion,1
tide,1
ship,1
south,1
africa,1
benchmark,1
publicly,1
engagement,1
reporting,1
unemployment,1
unemployed,1
michigan,1
comprehensive,1
think-tank,1
complex,1
ageing,1
budget,1
bad,1
updated,1
path,1
audience,1
recommendation,1
betty,1
ford,1
announcement,1
break,1
universal,1
silence,1
tremendous,1
proactive,1
regularly,1
mammogram,1
certainly,1
choice,1
insurance,1
hail,1
associated,1
remission,1
steady,1
others,1
acknowledge,1
garfinkel,1
mayer,1
kolata,1
rie,1
news-worthy,1
qualification,1
establish,1
apa,1
journalist,1
judge,1
calvert,1
discouraging,1
accurate,1
general,1
theme,1
wilson,1
misperception,1
purport,1
portray,1
manner,1
incorrectly,1
error,1
america,1
kill,1
preventable,1
erroneous,1
perception,1
neglect,1
indeed,1
healton,1
ash,1
anti-smoking,1
accuracy,1
tout,1
similar,1
mistake,1
peters,1
critique,1
presentation,1
preferred,1
approach,1
chilling,1
illustration,1
perplexing,1
considerably,1
simply,1
buy,1
join,1
nbcam,1
unfortunately,1
money,1
marketing,1
player,1
football,1
league,1
tape,1
wear,1
cleat,1
chin,1
strap,1
sell,1
proud,1
catch,1
profit,1
goldberg,1
virtual,1
cottage,1
well-established,1
fund-raiser,1
questionable,1
t-shirt,1
bracelet,1
clever,1
presumably,1
afore-mentioned,1
actual,1
prototype,1
disparity,1
purchase,1
packet,1
questionnaire,1
embed,1
incorrect,1
circle,1
real,1
cop,1
lend,1
hand,1
market,1
financially,1
design,1
overwhelmingly,1
unaware,1
inconsistently,1
more,1
substantive,1
outweigh,1
predominately,1
solicit,1
virtually,1
phrase,1
differently,1
valuable,1
absorb,1
heredity,1
false,1
unconcerned,1
emphasize,1
contemporary,1
self-efficacy,1
portrayal,1
furthermore,1
objectification,1
lumpectomy,1
implant,1
administer,1
pre-menopausal,1
very,1
preservation,1
sexual,1
imagery,1
pay,1
advertisement,1
seemingly,1
ineffective,1
healthy,1
enthusiasm,1
commendable,1
grass,1
root,1
recuperation,1
considerable,1
internationally,1
substantially,1
reform,1
curative,1
intent,1
precise,1
refer,1
occasion,1
brain,1
lymphatic,1
poor,1
relapse,1
publication,1
connect,1
enhanced,1
amount,1
require,1
invaluable,1
comparison,1
specialist,1
expertise,1
biologically,1
improved,1
effectiveness,1
hormone,1
epidermal,1
availability,1
co-morbidities,1
menopausal,1
circumstance,1
introduce,1
rigidity,1
inflexibly,1
supplementary,1
degree,1
iatrogenic,1
achieve,1
balance,1
harm,1
uncontrolled,1
lesion,1
hot,1
flush,1
restricted,1
mobility,1
arise,1
disrupted,1
homeostasis,1
cauda,1
equina,1
neuropathic,1
compress,1
moderate,1
localised,1
deep,1
ache,1
stab,1
nature,1
movement,1
night,1
cochrane,1
relief,1
infrequent,1
indication,1
destroy,1
suggestive,1
urgent,1
coordinator,1
spine,1
lumbar,1
unremitting,1
strain,1
tenderness,1
nocturnal,1
prevent,1
sleep,1
indicator,1
determine,1
regimen,1
contrast,1
north,1
hopelessness,1
sadness,1
apprehension,1
unpredictable,1
unsurprising,1
adapt,1
maintain,1
timely,1
lifestyle,1
vary,1
adrift,1
provision,1
routine,1
monitoring,1
psychosocial,1
up-to-date,1
voluntary,1
sector,1
lengthen,1
regime,1
herald,1
reject,1
herceptin,1
ground,1
cost-effective,1
extend,1
median,1
scheme,1
still,1
fund,1
constipation,1
extreme,1
mild,1
confusion,1
muscular,1
improving,1
attain,1
concept,1
responsible,1
esler,1
direct,1
opportunity,1
respond,1
breakthrough,1
little,1
shortage,1
specialize,1
terminology,1
over-expressed,1
summary,1
appraisal,1
warren,1
mackie,1
coordination,1
consensus,1
qualitative,1
endocrine,1
responsive,1
bt,1
clin,1
organisation,1
ladder,1
ream,1
randomised,1
corner,1
late,1
struggling,1
recall,1
forget,1
everyday,1
object,1
repeating,1
thread,1
mid,1
anxious,1
depressed,1
angry,1
forgetfulness,1
surroundings,1
serological,1
screen,1
pmr,1
mediation,1
hierarchical,1
editor,1
shannon,1
assess,1
likelihood,1
shape,1
heavily,1
summer,1
aide,1
resume,1
presidency,1
word,1
anesthesia,1
43-minute,1
benign,1
nancy,1
cancerous,1
precancerous,1
concerned,1
surrounding,1
house,1
malignant,1
press,1
secretary,1
larry,1
speake,1
ugly,1
subsequently,1
else,1
dale,1
oller,1
explain,1
pleased,1
withstand,1
ultimate,1
beautifully,1
stephen,1
reporter,1
penetrate,1
muscle,1
heightened,1
assure,1
lymph,1
node,1
surround,1
vessel,1
nerve,1
prospect,1
excellent,1
expectancy,1
present,1
optimistic,1
happy,1
inform,1
segment,1
cleanly,1
intact,1
complain,1
story,1
impression,1
suffer,1
exam,1
discover,1
extent,1
crisis,1
seem,1
inextricably,1
attach,1
administration,1
neither,1
private,1
citizen,1
lobby,1
congress,1
move,1
cia,1
direction,1
adviser,1
oliver,1
reasonable,1
attribute,1
puzzling,1
lapse,1
seed,1
grow,1
exponentially,1
soon,1
disturbing,1
surely,1
realize,1
similarly,1
recurrence,1
eventual,1
robert,1
escape,1
portal,1
vein,1
structure,1
dire,1
discomfort,1
understandable,1
unable,1
mcfarlane,1
telephone,1
perspective,1
attack,1
slowly,1
fairly,1
deterioration,1
leadership,1
insidious,1
unelected,1
senior,1
officially,1
unwisely,1
pass,1
bush,1
silent,1
left,1
untreated,1
interpretation,1
potential,1
bias,1
reluctance,1
author,1
warn,1
controversy,1
meta,1
subject,1
cvd,1
threaten,1
chowdhury,1
cause-specific,1
non-vascular,1
vertigo,1
concentration,1
phosphate,1
beneficial,1
tablet,1
sclerosis,1
importance,1
osteoporosis,1
predictor,1
swell,1
obstruction,1
relatively,1
rare,1
wales,1
nodule,1
goitre,1
neck,1
irradiation,1
rapid,1
thyroid,1
promptly,1
diet,1
overweight,1
caloric,1
ribbon,1
successfully,1
quarter,1
briton,1
servant,1
digital,1
launching,1
intranet,1
headline,1
channel,1
musculoskeletal,1
broadcast,1
diversity,1
equality,1
consultant,1
initiative,1
publishing,1
positively,1
royal,1
mail,1
ministry,1
defence,1
rbs,1
lewis,1
hm,1
revenue,1
custom,1
rewarding,1
champion,1
reward,1
recognition,1
award,1
lunchtime,1
referral,1
quick,1
guide,1
posture,1
upper,1
thromboembolism,1
congestive,1
nonsteroidal,1
anti-inflammatory,1
intracranial,1
acalculous,1
cholecystitis,1
bile,1
stone,1
cholangitis,1
peritonitis,1
pancreatitis,1
cirrhosis,1
allergy,1
continuation,1
amoxicillin,1
clavulanic,1
acid,1
postoperative,1
antibiotic,1
antiemetics,1
selected,1
grab-bag,1
keyword,1
neoplasm,1
acp,1
club,1
randomize,1
rct,1
all-cause,1
norwegian,1
regional,1
authority,1
fulbright,1
kristiansand,1
fobt,1
adenoma,1
addition,1
proximal,1
entire,1
multicenter,1
inst,1
re,1
pf,1
jl,1
mmwr,1
joy,1
maggies,1
assist,1
advantage,1
so,1
utmost,1
necessary,1
encouragement,1
open,1
never,1
essential,1
dispel,1
stigma,1
clue,1
wish,1
basic,1
visible,1
tangible,1
sufferer,1
anticipate,1
stamina,1
phase,1
gradually,1
specific,1
flexibility,1
prior,1
skill,1
initiate,1
helpful,1
advice,1
incredibly,1
regain,1
normality,1
purpose,1
self-esteem,1
reality,1
space,1
light,1
announce,1
face-to-face,1
consultancy,1
egan,1
capable,1
peak,1
ltd,1
right,1
cut,1
back,1
collaboration,1
creation,1
technology,1
apprentice,1
fume,1
dust,1
fibre,1
pledge,1
demonstrate,1
commitment,1
richard,1
concerted,1
joint,1
protect,1
generation,1
lesley,1
rushton,1
epidemiologist,1
imperial,1
london,1
excuse,1
enter,1
far,1
eliminate,1
remind,1
practitioner,1
psoriasis,1
regular,1
parliamentary,1
science,1
downside,1
inaccurate,1
unnecessary,1
armitage,1
oxford,1
analogue,1
cv,1
pancreatic,1
durability,1
explore,1
immune,1
hiv,1
